{"cameraMode":{"drawMode":0,"name":"Shaded","section":"Shading Mode"},"sceneLighting":true,"audioPlay":false,"sceneViewState":{"showFog":true,"showMaterialUpdate":false,"showSkybox":true,"showFlares":true,"showImageEffects":true,"showParticleSystems":true},"in2DMode":false,"pivot":{"x":2.140000104904175,"y":-3.194000005722046,"z":8.88700008392334},"rotation":{"x":0.2858983874320984,"y":-0.677712082862854,"z":0.5936782360076904,"w":0.32636648416519167},"size":2.8578836917877199,"orthographic":false}