{"cameraMode":{"drawMode":0,"name":"Shaded","section":"Shading Mode"},"sceneLighting":false,"audioPlay":false,"sceneViewState":{"showFog":true,"showMaterialUpdate":false,"showSkybox":false,"showFlares":true,"showImageEffects":true,"showParticleSystems":true},"in2DMode":false,"pivot":{"x":-4.517000198364258,"y":-5.23930025100708,"z":8.88700008392334},"rotation":{"x":0.4401659667491913,"y":-0.06052776053547859,"z":0.02976207621395588,"w":0.895392894744873},"size":5.812866687774658,"orthographic":false}