{"cameraMode":{"drawMode":0,"name":"Shaded","section":"Shading Mode"},"sceneLighting":false,"audioPlay":false,"sceneViewState":{"showFog":true,"showMaterialUpdate":false,"showSkybox":false,"showFlares":true,"showImageEffects":true,"showParticleSystems":true},"in2DMode":false,"pivot":{"x":-15.249378204345704,"y":-4.046390533447266,"z":9.844518661499024},"rotation":{"x":0.11746978759765625,"y":0.41786062717437746,"z":-0.05458691343665123,"w":0.89923095703125},"size":7.061990261077881,"orthographic":false}