{"cameraMode":{"drawMode":0,"name":"Shaded","section":"Shading Mode"},"sceneLighting":true,"audioPlay":false,"sceneViewState":{"showFog":true,"showMaterialUpdate":false,"showSkybox":true,"showFlares":true,"showImageEffects":true,"showParticleSystems":true},"in2DMode":false,"pivot":{"x":-4.489327430725098,"y":-18.56917953491211,"z":29.961130142211915},"rotation":{"x":0.20048679411411286,"y":0.020574387162923814,"z":-0.004201938863843679,"w":0.9794823527336121},"size":28.25570297241211,"orthographic":false}