{"cameraMode":{"drawMode":0,"name":"Shaded","section":"Shading Mode"},"sceneLighting":true,"audioPlay":false,"sceneViewState":{"showFog":true,"showMaterialUpdate":false,"showSkybox":true,"showFlares":true,"showImageEffects":true,"showParticleSystems":true},"in2DMode":false,"pivot":{"x":7.804492473602295,"y":-15.60632610321045,"z":4.311489105224609},"rotation":{"x":-0.47323155403137209,"y":-0.4468279778957367,"z":0.3039361536502838,"w":-0.6957339644432068},"size":2.3216395378112795,"orthographic":false}