{"cameraMode":{"drawMode":0,"name":"Shaded","section":"Shading Mode"},"sceneLighting":true,"audioPlay":false,"sceneViewState":{"showFog":true,"showMaterialUpdate":false,"showSkybox":true,"showFlares":true,"showImageEffects":true,"showParticleSystems":true},"in2DMode":false,"pivot":{"x":20.976703643798829,"y":-0.7312605977058411,"z":32.10243606567383},"rotation":{"x":0.2858983874320984,"y":-0.677712082862854,"z":0.5936782360076904,"w":0.32636648416519167},"size":139.4950408935547,"orthographic":false}