{"cameraMode":{"drawMode":0,"name":"Shaded","section":"Shading Mode"},"sceneLighting":false,"audioPlay":false,"sceneViewState":{"showFog":true,"showMaterialUpdate":false,"showSkybox":false,"showFlares":true,"showImageEffects":true,"showParticleSystems":true},"in2DMode":false,"pivot":{"x":-4.124151229858398,"y":-5.41668701171875,"z":9.925132751464844},"rotation":{"x":-0.17764690518379212,"y":-0.1347535103559494,"z":0.024566540494561197,"w":-0.9745299816131592},"size":4.041657447814941,"orthographic":false}