{"cameraMode":{"drawMode":0,"name":"Shaded","section":"Shading Mode"},"sceneLighting":true,"audioPlay":false,"sceneViewState":{"showFog":true,"showMaterialUpdate":false,"showSkybox":true,"showFlares":true,"showImageEffects":true,"showParticleSystems":true},"in2DMode":false,"pivot":{"x":1.8326327800750733,"y":-28.366954803466798,"z":15.81612777709961},"rotation":{"x":0.5942238569259644,"y":0.03255682438611984,"z":-0.02407359890639782,"w":0.8032951951026917},"size":78.96553039550781,"orthographic":false}